{"version":"articulated-parts@0.0.1","modelId":"p5d.266","metadata":{"connectivity":{"minDist":0.001,"maxDist":0.05,"minConnDist":0.001,"maxConnDist":0.05,"maxConnRelDist":0,"partsAnnId":27766,"condensed":true}},"parts":[null,{"pid":1,"label":"static","name":"static","obb":{"centroid":[0,1.0500000357677877,0],"axesLengths":[0.800000011920929,2.0999997377295614,0.550000011920929],"normalizedAxes":[1,0,0,0,1,0,0,0,1],"metadata":{"constrainVertical":true},"min":[-0.4000000059604645,1.669030069706423e-7,-0.2750000059604645],"max":[0.4000000059604645,2.0999999046325684,0.2750000059604645]},"sourcePartIds":[5,6,7,8,9,10,11]},{"pid":2,"label":"door","name":"door 1","obb":{"centroid":[-0.1853732956770335,1.1101054698228836,0.252449236844697],"axesLengths":[0.36851753642607776,1.9190889298915863,0.0387098920320128],"normalizedAxes":[0.9994805485961364,0,0.03222782924688079,0,1,0,-0.03222782924688079,0,0.9994805485961364],"metadata":{"constrainVertical":true},"min":[-0.37016011830953643,0.15056100487709045,0.2271660846633599],"max":[-0.0005864730445306054,2.0696499347686768,0.2777323890260341]},"baseIds":[1],"sourcePartIds":[3,1],"articulationIds":[0]},{"pid":3,"label":"door","name":"door 2","obb":{"centroid":[0.18537329567703353,1.1101054698228836,0.252449236844697],"axesLengths":[0.36851753642607776,1.9190889298915863,0.03870989203201279],"normalizedAxes":[0.9994805485961364,0,-0.03222782924688079,0,1,0,0.03222782924688079,0,0.9994805485961364],"metadata":{"constrainVertical":true},"min":[0.0005864730445306332,0.15056100487709045,0.2271660846633599],"max":[0.37016011830953643,2.0696499347686768,0.2777323890260341]},"baseIds":[1],"sourcePartIds":[4,2],"articulationIds":[1]}],"sourceParts":[null,{"pid":1,"label":"handle","name":"handle 1","obb":{"centroid":[-0.06436795182526112,1.0188530087471008,0.256351001560688],"axesLengths":[0.03873001039028168,0.20141398906707764,0.01893870159983635],"normalizedAxes":[0,0,1,0,1,0,-1,0,0],"metadata":{"constrainVertical":true},"min":[-0.07383730262517929,0.918146014213562,0.23698599636554718],"max":[-0.05489860102534294,1.1195600032806396,0.27571600675582886]}},{"pid":2,"label":"handle","name":"handle 2","obb":{"centroid":[0.06436795182526112,1.0188530087471008,0.256351001560688],"axesLengths":[0.03873001039028168,0.20141398906707764,0.01893870159983635],"normalizedAxes":[0,0,1,0,1,0,-1,0,0],"metadata":{"constrainVertical":true},"min":[0.05489860102534294,0.918146014213562,0.23698599636554718],"max":[0.07383730262517929,1.1195600032806396,0.27571600675582886]}},{"pid":3,"label":"door","name":"door 1","obb":{"centroid":[-0.18518246445455588,1.1101054698228836,0.24659500271081924],"axesLengths":[0.3687090628664009,1.9190889298915863,0.001023992896080017],"normalizedAxes":[1,0,0,0,1,0,0,0,1],"metadata":{"constrainVertical":true},"min":[-0.36953699588775635,0.15056100487709045,0.24608300626277924],"max":[-0.0008279330213554204,2.0696499347686768,0.24710699915885925]},"baseIds":[8],"childIds":[1]},{"pid":4,"label":"door","name":"door 2","obb":{"centroid":[0.18518246445455588,1.1101054698228836,0.24659500271081924],"axesLengths":[0.3687090628664009,1.9190889298915863,0.001023992896080017],"normalizedAxes":[1,0,0,0,1,0,0,0,1],"metadata":{"constrainVertical":true},"min":[0.0008279330213554204,0.15056100487709045,0.24608300626277924],"max":[0.36953699588775635,2.0696499347686768,0.24710699915885925]},"baseIds":[7],"childIds":[2]},{"pid":5,"label":"back panel","name":"back panel 1","obb":{"centroid":[-5.066394805908203e-7,1.0348250806383419,-0.2598764970898628],"axesLengths":[0.7390750050544739,2.0696497082606697,0.029833003878593445],"normalizedAxes":[1,0,0,0,1,0,0,0,1],"metadata":{"constrainVertical":true},"min":[-0.36953800916671753,2.2650800701740081e-7,-0.27479299902915955],"max":[0.36953699588775635,2.0696499347686768,-0.2449599951505661]}},{"pid":6,"label":"door frame","name":"door frame 1","obb":{"centroid":[0,1.1101054698228836,0.23190249502658844],"axesLengths":[0.7390739917755127,1.9190889298915863,0.029256999492645264],"normalizedAxes":[1,0,0,0,1,0,0,0,1],"metadata":{"constrainVertical":true},"min":[-0.36953699588775635,0.15056100487709045,0.2172739952802658],"max":[0.36953699588775635,2.0696499347686768,0.24653099477291107]}},{"pid":7,"label":"side panel","name":"side panel 1","obb":{"centroid":[0.38452450931072235,1.0500000357677877,0],"axesLengths":[0.550000011920929,2.0999997377295614,0.030950993299484253],"normalizedAxes":[0,0,1,0,1,0,-1,0,0],"metadata":{"constrainVertical":true},"min":[0.3690490126609802,1.669030069706423e-7,-0.2750000059604645],"max":[0.4000000059604645,2.0999999046325684,0.2750000059604645]}},{"pid":8,"label":"side panel","name":"side panel 2","obb":{"centroid":[-0.38452450931072235,1.0500000357677877,0],"axesLengths":[0.550000011920929,2.0999997377295614,0.030950993299484253],"normalizedAxes":[0,0,1,0,1,0,-1,0,0],"metadata":{"constrainVertical":true},"min":[-0.4000000059604645,1.669030069706423e-7,-0.2750000059604645],"max":[-0.3690490126609802,2.0999999046325684,0.2750000059604645]}},{"pid":9,"label":"top panel","name":"top panel 1","obb":{"centroid":[-5.066394805908203e-7,2.084044933319092,-0.0001055002212524414],"axesLengths":[0.7390750050544739,0.031909942626953125,0.5493509769439697],"normalizedAxes":[1,0,0,0,1,0,0,0,1],"metadata":{"constrainVertical":true},"min":[-0.36953800916671753,2.0680899620056152,-0.2747809886932373],"max":[0.36953699588775635,2.0999999046325684,0.2745699882507324]}},{"pid":10,"label":"bottom panel","name":"bottom panel 1","obb":{"centroid":[0.000313490629196167,0.13616350293159485,0.014844492077827454],"axesLengths":[0.7397029995918274,0.03191500902175903,0.5194509923458099],"normalizedAxes":[1,0,0,0,1,0,0,0,1],"metadata":{"constrainVertical":true},"min":[-0.36953800916671753,0.12020599842071533,-0.24488100409507751],"max":[0.37016499042510986,0.15212100744247437,0.2745699882507324]}},{"pid":11,"label":"baseboard","name":"baseboard 1","obb":{"centroid":[0.000313490629196167,0.06009512502608061,0.23243849724531174],"axesLengths":[0.7397029995918274,0.12018975399618625,0.029833003878593445],"normalizedAxes":[1,0,0,0,1,0,0,0,1],"metadata":{"constrainVertical":true},"min":[-0.36953800916671753,2.480279874816915e-7,0.21752199530601501],"max":[0.37016499042510986,0.12019000202417374,0.24735499918460846]}}],"connectivityGraph":[[],[2,3],[1],[1]],"articulations":[{"pid":2,"type":"Hinge Rotation","axis":[0,1,0],"origin":[-0.36953699588775635,1.1101054698228836,0.24659500271081924],"rangeMin":-1.4922565104551517,"rangeMax":0,"base":[1],"value":0},{"pid":3,"type":"Hinge Rotation","axis":[0,1,0],"origin":[0.36953699588775635,1.1101054698228836,0.24659500271081924],"rangeMin":0,"rangeMax":1.4765485471872026,"base":[1],"value":0}]}