{"version":"articulated-parts@0.0.1","modelId":"p5d.447","metadata":{"connectivity":{"minDist":0.001,"maxDist":0.05,"minConnDist":0.001,"maxConnDist":0.05,"maxConnRelDist":0,"partsAnnId":27733,"condensed":true}},"parts":[null,{"pid":1,"label":"static","name":"static","obb":{"centroid":[0,0.4497089799745275,-0.009999997913837433],"axesLengths":[2,0.8994180328640553,0.5003819912672043],"normalizedAxes":[1,0,0,0,1,0,0,0,1],"metadata":{"constrainVertical":true},"min":[-1,-3.645750012992721e-8,-0.2601909935474396],"max":[1,0.8994179964065552,0.2401909977197647]},"sourcePartIds":[1,2,3,4,6,7]},{"pid":2,"label":"cabinet door","name":"cabinet door 1","obb":{"centroid":[-0.48499858658760786,0.40500498563051224,0.23963399976491928],"axesLengths":[0.9898087922483683,0.469915971159935,0.040947988629341125],"normalizedAxes":[1,0,0,0,1,0,0,0,1],"metadata":{"constrainVertical":true},"min":[-0.979902982711792,0.17004700005054474,0.21916000545024872],"max":[0.009905809536576271,0.6399629712104797,0.26010799407958984]},"baseIds":[1],"sourcePartIds":[8,5],"articulationIds":[0]},{"pid":3,"label":"faucet handle","name":"faucet handle 1","obb":{"centroid":[-0.40092484551001406,0.9062594771385193,-0.22027550728729045],"axesLengths":[0.053838292540838696,0.01973700523376465,0.03303680729468744],"normalizedAxes":[0.2588219420720272,0,-0.9659250500437723,0,1,0,0.9659250500437725,0,0.25882194207202724],"min":[-0.4238476510963487,0.896390974521637,-0.25055271030761606],"max":[-0.3780020399236794,0.9161279797554016,-0.18999830426696485]},"baseIds":[1],"sourcePartIds":[9],"articulationIds":[1]},{"pid":4,"label":"faucet spout","name":"faucet spout 1","obb":{"centroid":[-0.3982334802118938,0.8660963365320304,-0.18673616262682133],"axesLengths":[0.01577913094523884,0.08554392979226144,0.022712392644771227],"normalizedAxes":[-0.9999999999378768,-0.000009380693059739347,0.000006020692878670273,0.0000015341458938233078,0.41916858690011805,0.9079084181533975,-0.000011040495523162333,0.9079084181062324,-0.4191685868596867],"min":[-0.4061232366804921,0.8378572121992248,-0.23032939788218623],"max":[-0.3903437237432955,0.8943354608648361,-0.14314292737145642]},"baseIds":[1],"sourcePartIds":[10],"articulationIds":[2]}],"sourceParts":[null,{"pid":1,"label":"cabinet","name":"cabinet 1","obb":{"centroid":[0,0.4343334850175573,-0.019999995827674866],"axesLengths":[2,0.8686670429501149,0.4803819954395294],"normalizedAxes":[1,0,0,0,1,0,0,0,1],"metadata":{"constrainVertical":true},"min":[-1,-3.645750012992721e-8,-0.2601909935474396],"max":[1,0.8686670064926147,0.22019100189208984]}},{"pid":2,"label":"sink","name":"sink 1","obb":{"centroid":[-0.4011098563235598,0.7187039852142334,-0.010000488592544793],"axesLengths":[0.6242334604980416,0.16254198551177979,0.3933722740801669],"normalizedAxes":[0.9980799840684113,0,0.06193823860911703,0,1,0,-0.06193823860911703,0,0.9980799840684113],"metadata":{"constrainVertical":true},"min":[-0.7248097103650812,0.6374329924583435,-0.2256409456280499],"max":[-0.07741000228203831,0.7999749779701233,0.2056399684429603]}},{"pid":3,"label":"countertop","name":"countertop 1","obb":{"centroid":[0,0.6714619994163513,-0.009999997913837433],"axesLengths":[2,0.06287002563476562,0.5003819912672043],"normalizedAxes":[1,0,0,0,1,0,0,0,1],"metadata":{"constrainVertical":true},"min":[-1,0.6400269865989685,-0.2601909935474396],"max":[1,0.7028970122337341,0.2401909977197647]}},{"pid":4,"label":"faucet","name":"faucet 1","obb":{"centroid":[-0.3982333443929319,0.8011575043201447,-0.2303214109620928],"axesLengths":[0.03608253606825166,0.19652098417282104,0.036082521674692856],"normalizedAxes":[-0.2587833866117853,0,-0.9659353802474239,0,1,0,0.9659353802474239,0,-0.2587833866117853],"metadata":{"constrainVertical":true},"min":[-0.4203288169806391,0.7028970122337341,-0.2524168886390169],"max":[-0.3761378718052247,0.8994179964065552,-0.2082259332851687]}},{"pid":5,"label":"handle","name":"handle 1","obb":{"centroid":[-0.25,0.6277375221252441,0.25018149614334106],"axesLengths":[0.5,0.01980900764465332,0.01985299587249756],"normalizedAxes":[1,0,0,0,1,0,0,0,1],"metadata":{"constrainVertical":true},"min":[-0.5,0.6178330183029175,0.24025499820709229],"max":[0,0.6376420259475708,0.26010799407958984]}},{"pid":6,"label":"drain","name":"drain 1","obb":{"centroid":[-0.40111042228405286,0.665992021560669,-0.010000414595682305],"axesLengths":[0.04355393589786999,0.0015000104904174805,0.04355349675228224],"normalizedAxes":[0.980784327881141,0,-0.19509511060695117,0,1,0,0.19509511060695117,0,0.980784327881141],"metadata":{"constrainVertical":true},"min":[-0.4267174682902412,0.6652420163154602,-0.035607288085894105],"max":[-0.3755033762778645,0.6667420268058777,0.015606458894529496]}},{"pid":7,"label":"shelf","name":"shelf 1","obb":{"centroid":[0.49473028210923076,0.4013269990682602,-0.009730495512485504],"axesLengths":[0.9694614643231034,0.02000001072883606,0.4598429948091507],"normalizedAxes":[1,0,0,0,1,0,0,0,1],"metadata":{"constrainVertical":true},"min":[0.009999549947679043,0.39132699370384216,-0.23965199291706085],"max":[0.9794610142707825,0.4113270044326782,0.22019100189208984]}},{"pid":8,"label":"cabinet door","name":"cabinet door 1","obb":{"centroid":[-0.48499858658760786,0.40500498563051224,0.2297075018286705],"axesLengths":[0.9898087922483683,0.469915971159935,0.021094992756843567],"normalizedAxes":[1,0,0,0,1,0,0,0,1],"metadata":{"constrainVertical":true},"min":[-0.979902982711792,0.17004700005054474,0.21916000545024872],"max":[0.009905809536576271,0.6399629712104797,0.24025499820709229]},"baseIds":[1],"childIds":[5]},{"pid":9,"label":"faucet handle","name":"faucet handle 1","obb":{"centroid":[-0.40092484551001406,0.9062594771385193,-0.22027550728729045],"axesLengths":[0.053838292540838696,0.01973700523376465,0.03303680729468744],"normalizedAxes":[0.2588219420720272,0,-0.9659250500437723,0,1,0,0.9659250500437725,0,0.25882194207202724],"metadata":{"constrainVertical":true},"min":[-0.4238476510963487,0.896390974521637,-0.25055271030761606],"max":[-0.3780020399236794,0.9161279797554016,-0.18999830426696485]},"baseIds":[4]},{"pid":10,"label":"faucet spout","name":"faucet spout 1","obb":{"centroid":[-0.3982334802118938,0.8660963365320304,-0.18673616262682133],"axesLengths":[0.01577913094523884,0.08554392979226144,0.022712392644771227],"normalizedAxes":[-0.9999999999378768,-0.000009380693059739347,0.000006020692878670273,0.0000015341458938233078,0.41916858690011805,0.9079084181533975,-0.000011040495523162333,0.9079084181062324,-0.4191685868596867],"metadata":{"constrainVertical":false},"min":[-0.4061232366804921,0.8378572121992248,-0.23032939788218623],"max":[-0.3903437237432955,0.8943354608648361,-0.14314292737145642]},"baseIds":[4]}],"connectivityGraph":[[],[2,3,4],[1],[1],[1]],"articulations":[{"pid":2,"type":"Hinge Rotation","axis":[0,1,0],"origin":[-1.0000000000000038,0.40500498563051224,0.20861250907182693],"rangeMin":-1.8692476288859268,"rangeMax":0,"base":[1],"value":0},{"pid":3,"type":"Central Rotation","axis":[0,1,0],"origin":[-0.40092484551001406,0.9062594771385193,-0.22027550728729045],"rangeMin":-0.6597344572538565,"rangeMax":0.26703537555513246,"base":[1],"value":0},{"pid":4,"type":"Central Rotation","axis":[0,1,0],"origin":[-0.39934399390220643,0.8672209749221802,-0.22236199676990512],"rangeMin":-0.2827433388230814,"rangeMax":0.37699111843077515,"base":[1],"value":0}]}