{"version":"articulated-parts@0.0.1","modelId":"p5d.429","metadata":{"connectivity":{"minDist":0.001,"maxDist":0.05,"minConnDist":0.001,"maxConnDist":0.05,"maxConnRelDist":0,"partsAnnId":27023,"condensed":true}},"parts":[null,{"pid":1,"label":"static","name":"static","obb":{"centroid":[-1.3877787807814457e-17,0.03163599967956543,0.0027469992637634416],"axesLengths":[0.33853232752092755,0.06327199935913086,0.33853232752092755],"normalizedAxes":[0.7070974709910002,0,-0.7071160912595128,0,1,0,0.7071160912595128,0,0.7070974709910002],"metadata":{"constrainVertical":true},"min":[-0.23937850442016417,0,-0.23663150515640075],"max":[0.23937850442016417,0.06327199935913086,0.2421255036839276]},"sourcePartIds":[1]},{"pid":2,"label":"stand","name":"stand 1","obb":{"centroid":[-1.7978956431269344e-11,0.2750075049698353,0.002747000192239779],"axesLengths":[0.043087422029412535,0.4244510158896446,0.04308742022608377],"normalizedAxes":[-0.15636132309366418,0,0.9876999223652895,0,1,0,-0.9876999223652895,0,-0.15636132309366418],"metadata":{"constrainVertical":true},"min":[-0.024647323982697745,0.06278199702501297,-0.021900324522067416],"max":[0.024647323946739835,0.4872330129146576,0.027394324906546974]},"baseIds":[1],"childIds":[3],"sourcePartIds":[2],"articulationIds":[0]},{"pid":3,"label":"seat","name":"seat 1","obb":{"centroid":[1.1607864255710088e-8,0.44707397076952704,0.04910967924247696],"axesLengths":[0.35046007348855723,0.5547565143722477,0.2699392430035087],"normalizedAxes":[-0.999999999999948,-1.624942983781028e-7,2.7825674634154344e-7,-3.190383851749169e-7,0.6205010594088161,-0.7842056077792579,-4.522966587231375e-8,-0.7842056077793059,-0.6205010594088357],"min":[-0.1752301197353474,0.16911650579315812,-0.2521607474077066],"max":[0.17523014295107592,0.725031435745896,0.3503801058926605]},"baseIds":[2],"sourcePartIds":[3],"articulationIds":[1]}],"sourceParts":[null,{"pid":1,"label":"stand","name":"stand 1","obb":{"centroid":[-1.7978956431269344e-11,0.2750075049698353,0.002747000192239779],"axesLengths":[0.043087422029412535,0.4244510158896446,0.04308742022608377],"normalizedAxes":[-0.15636132309366418,0,0.9876999223652895,0,1,0,-0.9876999223652895,0,-0.15636132309366418],"metadata":{"constrainVertical":true},"min":[-0.024647323982697745,0.06278199702501297,-0.021900324522067416],"max":[0.024647323946739835,0.4872330129146576,0.027394324906546974]},"baseIds":[2],"childIds":[3]},{"pid":2,"label":"base","name":"base 1","obb":{"centroid":[-1.3877787807814457e-17,0.03163599967956543,0.0027469992637634416],"axesLengths":[0.33853232752092755,0.06327199935913086,0.33853232752092755],"normalizedAxes":[0.7070974709910002,0,-0.7071160912595128,0,1,0,0.7071160912595128,0,0.7070974709910002],"metadata":{"constrainVertical":true},"min":[-0.23937850442016417,0,-0.23663150515640075],"max":[0.23937850442016417,0.06327199935913086,0.2421255036839276]}},{"pid":3,"label":"seat","name":"seat 1","obb":{"centroid":[1.1607864255710088e-8,0.44707397076952704,0.04910967924247696],"axesLengths":[0.35046007348855723,0.5547565143722477,0.2699392430035087],"normalizedAxes":[-0.999999999999948,-1.624942983781028e-7,2.7825674634154344e-7,-3.190383851749169e-7,0.6205010594088161,-0.7842056077792579,-4.522966587231375e-8,-0.7842056077793059,-0.6205010594088357],"metadata":{"constrainVertical":false},"min":[-0.1752301197353474,0.16911650579315812,-0.2521607474077066],"max":[0.17523014295107592,0.725031435745896,0.3503801058926605]},"baseIds":[1]}],"connectivityGraph":[[],[2],[1,3],[2]],"articulations":[{"pid":2,"type":"Central Rotation","axis":[0,1,0],"origin":[-1.7978956431269344e-11,0.2750075049698353,0.002747000192239779],"rangeMin":-3.141592653589793,"rangeMax":3.141592653589793,"base":[1],"value":0},{"pid":3,"type":"Translation","axis":[0,1,0],"origin":[0,0.39532849937677383,0.006563000380992889],"rangeMin":-0.0276765238344669,"rangeMax":0.0643234761655331,"base":[2],"value":0}]}