{"version":"articulated-parts@0.0.1","modelId":"p5d.640","metadata":{"connectivity":{"minDist":0.001,"maxDist":0.05,"minConnDist":0.001,"maxConnDist":0.05,"maxConnRelDist":0,"partsAnnId":26596,"condensed":true}},"parts":[null,{"pid":1,"label":"static","name":"static","obb":{"centroid":[0,0.5098400024616296,0],"axesLengths":[1.0698699951171875,1.0196800414634595,0.9099900126457214],"normalizedAxes":[1,0,0,0,1,0,0,0,1],"metadata":{"constrainVertical":true},"min":[-0.5349349975585938,-1.8270100099471165e-8,-0.4549950063228607],"max":[0.5349349975585938,1.0196800231933594,0.4549950063228607]},"sourcePartIds":[1,2,3,4,5,8,9,11,12]},{"pid":2,"label":"lid panel","name":"lid panel 1","obb":{"centroid":[-0.2450071166757241,0.9552306531422833,0.0016032525533714054],"axesLengths":[0.8694436019820339,0.5533140806969699,0.026118497495382358],"normalizedAxes":[-0.09663416944429824,-0.13091441448277383,0.986672819822479,-0.9953198799904281,0.0122950845442626,-0.09584971252898257,0.0004168832568305848,-0.991317429977241,-0.13148984459519397],"min":[-0.5623837932341313,0.8819719204958025,-0.45555958904362714],"max":[0.07236955988268312,1.028489385788764,0.45876609415036995]},"baseIds":[1],"sourcePartIds":[6],"articulationIds":[0]},{"pid":3,"label":"lid panel","name":"lid panel 2","obb":{"centroid":[0.23739188879039572,0.94518755912253,0.002429761397316169],"axesLengths":[0.5015962208812732,0.8349593982083967,0.04814237969814289],"normalizedAxes":[0.9998545465522435,0.006652245600228246,0.01570456517325398,-0.014702851600464513,-0.13046803940609486,0.9913434908488297,0.00864360420319373,-0.9914301984113677,-0.13035125540007134],"metadata":{"constrainVertical":false},"min":[-0.019715946100277354,0.865186526133772,-0.4185124059577027],"max":[0.49449972368106876,1.0251885921112882,0.42337192875233504]},"baseIds":[1],"sourcePartIds":[7,10],"articulationIds":[1]}],"sourceParts":[null,{"pid":1,"label":"foot","name":"foot 1","obb":{"centroid":[-0.4749812699448467,0.035501489593940505,-0.3929701406345112],"axesLengths":[0.04903971837317065,0.07100301572808121,0.049038834527683935],"normalizedAxes":[-0.5555735109614491,0,-0.8314674220424805,0,1,0,0.8314674220424807,0,-0.5555735109614492],"metadata":{"constrainVertical":true},"min":[-0.5089909508637688,-1.8270100099471165e-8,-0.4269799434772274],"max":[-0.44097158902592454,0.07100299745798111,-0.358960337791795]}},{"pid":2,"label":"foot","name":"foot 2","obb":{"centroid":[-0.474981724253299,0.035501506771240976,0.39297015440143396],"axesLengths":[0.04903971837317065,0.07100298137348027,0.049038834527683935],"normalizedAxes":[0.5555735109614491,0,0.8314674220424805,0,1,0,-0.8314674220424807,0,0.5555735109614492],"metadata":{"constrainVertical":true},"min":[-0.5089914051722211,1.6084500842339366e-8,0.35896035155871775],"max":[-0.44097204333437684,0.07100299745798111,0.42697995724415017]}},{"pid":3,"label":"foot","name":"foot 3","obb":{"centroid":[0.4749812699448467,0.035501506771240976,0.3929701406345112],"axesLengths":[0.04903971837317065,0.07100298137348027,0.049038834527683935],"normalizedAxes":[0.5555735109614491,0,0.8314674220424805,0,1,0,-0.8314674220424807,0,0.5555735109614492],"metadata":{"constrainVertical":true},"min":[0.44097158902592454,1.6084500842339366e-8,0.358960337791795],"max":[0.5089909508637688,0.07100299745798111,0.4269799434772274]}},{"pid":4,"label":"foot","name":"foot 4","obb":{"centroid":[0.474981724253299,0.035501489593940505,-0.39297015440143396],"axesLengths":[0.04903971837317065,0.07100301572808121,0.049038834527683935],"normalizedAxes":[-0.5555735109614491,0,-0.8314674220424805,0,1,0,0.8314674220424807,0,-0.5555735109614492],"metadata":{"constrainVertical":true},"min":[0.44097204333437684,-1.8270100099471165e-8,-0.42697995724415017],"max":[0.5089914051722211,0.07100299745798111,-0.35896035155871775]}},{"pid":5,"label":"wall","name":"wall 1","obb":{"centroid":[-0.0000010132789611816406,0.48433444276452065,0],"axesLengths":[1.0646439790725708,0.8280830904841423,0.9055439829826355],"normalizedAxes":[1,0,0,0,1,0,0,0,1],"metadata":{"constrainVertical":true},"min":[-0.5323230028152466,0.0702928975224495,-0.45277199149131775],"max":[0.5323209762573242,0.8983759880065918,0.45277199149131775]}},{"pid":6,"label":"lid panel","name":"lid panel 1","obb":{"centroid":[-0.2450071166757241,0.9552306531422833,0.0016032525533714054],"axesLengths":[0.8694436019820339,0.5533140806969699,0.026118497495382358],"normalizedAxes":[-0.09663416944429824,-0.13091441448277383,0.986672819822479,-0.9953198799904281,0.0122950845442626,-0.09584971252898257,0.0004168832568305848,-0.991317429977241,-0.13148984459519397],"metadata":{"constrainVertical":false},"min":[-0.5623837932341313,0.8819719204958025,-0.45555958904362714],"max":[0.07236955988268312,1.028489385788764,0.45876609415036995]},"baseIds":[8]},{"pid":7,"label":"lid panel","name":"lid panel 2","obb":{"centroid":[0.2376809330933101,0.9414188832641908,0.0017702977823261792],"axesLengths":[0.49545501017688615,0.8315680859893722,0.037503817827056224],"normalizedAxes":[0.9999762350131829,-0.0011378151727251282,0.006799616569508426,-0.006890017426599911,-0.13076147378548944,0.9913899155394447,-0.00023889060418230798,-0.9914132046478298,-0.13076620580715712],"metadata":{"constrainVertical":false},"min":[-0.012909923711025756,0.8681775908025002,-0.4145703775134103],"max":[0.48827178989764597,1.0146601757258813,0.41811097307806266]},"baseIds":[8],"childIds":[10]},{"pid":8,"label":"lid","name":"lid 1","obb":{"centroid":[0.000001496134850884935,0.9151191728809639,0.0005122418184843151],"axesLengths":[1.070188460822783,0.9264760407472796,0.1563170469246351],"normalizedAxes":[0.9999972819335177,-0.0023281983080221565,-0.00012497285560603022,-0.00018352297456126975,-0.13203394880946148,0.9912451778854201,-0.0023243160056076162,-0.9912424606797365,-0.1320340172102896],"metadata":{"constrainVertical":false},"min":[-0.5353579597813349,0.7752361752105956,-0.46905666817602143],"max":[0.5353609520510367,1.0550021705513322,0.47008115181299004]}},{"pid":9,"label":"handle","name":"handle 1","obb":{"centroid":[-0.4633085823775013,0.9766181279562669,0.003261517374336615],"axesLengths":[0.02983291502462226,0.18645115636851245,0.01635567845349864],"normalizedAxes":[-0.9995042825331992,-0.031312600530939,-0.0032726511860550573,0.0013903260318633955,-0.14774779528367982,0.9890240927208681,-0.03145244332831506,0.9885292661508822,0.14771808884451987],"metadata":{"constrainVertical":false},"min":[-0.4786044725142933,0.9542931478305586,-0.09019765665154833],"max":[-0.4480126922407093,0.9989431080819752,0.09672069140022155]}},{"pid":10,"label":"handle","name":"handle 2","obb":{"centroid":[0.44579778606920534,0.9578310578224828,0.003811821334315223],"axesLengths":[0.03757917534121798,0.19912692137268678,0.027707914195238464],"normalizedAxes":[-0.9968604494920277,-0.07847298274034986,-0.01054681081592098,0.0011023615514363704,-0.14694504183656185,0.9891440438473361,-0.07917088503713962,0.986026949763283,0.14657020605481924],"metadata":{"constrainVertical":false},"min":[0.42586060428243855,0.9280658508784443,-0.0968995303613535],"max":[0.4657349678559721,0.9875962647665213,0.10452317302998394]}},{"pid":11,"label":"racks","name":"racks 1","obb":{"centroid":[-0.0024835020303726196,0.6501530110836029,0.0020859986543655396],"axesLengths":[0.8280690014362335,0.5083360075950623,0.7911899983882904],"normalizedAxes":[1,0,0,0,1,0,0,0,1],"metadata":{"constrainVertical":true},"min":[-0.4165180027484894,0.3959850072860718,-0.39350900053977966],"max":[0.41155099868774414,0.904321014881134,0.39768099784851074]}},{"pid":12,"label":"bottom","name":"bottom 1","obb":{"centroid":[-9.834766387939453e-7,0.11691800132393837,0],"axesLengths":[1.0640559792518616,0.09383600205183029,0.9049559831619263],"normalizedAxes":[1,0,0,0,1,0,0,0,1],"metadata":{"constrainVertical":true},"min":[-0.5320289731025696,0.07000000029802322,-0.45247799158096313],"max":[0.532027006149292,0.16383600234985352,0.45247799158096313]}}],