{"version":"articulated-parts@0.0.1","modelId":"p5d.246","metadata":{"connectivity":{"minDist":0.001,"maxDist":0.05,"minConnDist":0.001,"maxConnDist":0.05,"maxConnRelDist":0,"partsAnnId":27401,"condensed":true}},"parts":[null,{"pid":1,"label":"static","name":"static","obb":{"centroid":[0.000541001558303833,1.1265000093757775,0.004499901086091995],"axesLengths":[0.800000011920929,2.253000023210115,0.11100000143051147],"normalizedAxes":[1,0,0,0,1,0,0,0,1],"metadata":{"constrainVertical":true},"min":[-0.39945900440216064,-2.2292798718126505e-9,-0.05100009962916374],"max":[0.4005410075187683,2.253000020980835,0.05999990180134773]},"sourcePartIds":[1,5,6]},{"pid":2,"label":"door","name":"door 1","obb":{"centroid":[-0.08236089290958643,1.14400003105402,-0.273519107776693],"axesLengths":[0.7201439012693587,2.1380000561475754,0.07462341450599044],"normalizedAxes":[0.7173847501957499,0,-0.6966771994163306,0,1,0,0.6966771994163306,0,0.7173847501957499],"metadata":{"constrainVertical":true},"min":[-0.36666523498260095,0.07500000298023224,-0.5511398757203037],"max":[0.2019434491634281,2.2130000591278076,0.004101660166917542]},"baseIds":[1],"sourcePartIds":[2,7,4,3],"articulationIds":[0]}],"sourceParts":[null,{"pid":1,"label":"door_frame","name":"door_frame 1","obb":{"centroid":[0.000541001558303833,1.1265000093757775,0.004499901086091995],"axesLengths":[0.800000011920929,2.253000023210115,0.11100000143051147],"normalizedAxes":[1,0,0,0,1,0,0,0,1],"metadata":{"constrainVertical":true},"min":[-0.39945900440216064,-2.2292798718126505e-9,-0.05100009962916374],"max":[0.4005410075187683,2.253000020980835,0.05999990180134773]}},{"pid":2,"label":"door","name":"door 1","obb":{"centroid":[-0.09397988513115356,1.14400003105402,-0.28548346539551417],"axesLengths":[0.720000543801311,2.1380000561475754,0.03800110247342124],"normalizedAxes":[-0.7141914813629132,0,0.6999503753471723,0,1,0,-0.6999503753471724,0,-0.7141914813629133],"metadata":{"constrainVertical":true},"min":[-0.364388455580873,0.07500000298023224,-0.5510358226719203],"max":[0.17642868531856587,2.2130000591278076,-0.019931108119107976]},"baseIds":[1],"childIds":[7,4,3]},{"pid":3,"label":"handle","name":"handle 1","obb":{"centroid":[0.0801529622393759,1.1177499890327454,-0.4704104012493473],"axesLengths":[0.05188229629828756,0.07598006725311279,0.014862032055432467],"normalizedAxes":[0.771191920447924,0,-0.6366027189981542,0,1,0,0.6366027189981542,0,0.771191920447924],"metadata":{"constrainVertical":true},"min":[0.055416753371450585,1.079759955406189,-0.49265534621631996],"max":[0.10488917110730123,1.1557400226593018,-0.44816545628237464]}},{"pid":4,"label":"handle","name":"handle 2","obb":{"centroid":[0.1605991066241758,1.0854299664497375,-0.4829001403596071],"axesLengths":[0.04000021196802156,0.17006003856658936,0.03639878233349967],"normalizedAxes":[0.7141852146245149,0,-0.6999567695306158,0,1,0,0.6999567695306158,0,0.7141852146245149],"metadata":{"constrainVertical":true},"min":[0.1335765395909698,1.0003999471664429,-0.509897086020906],"max":[0.18762167365738183,1.1704599857330322,-0.45590319469830826]}},{"pid":5,"label":"hinge","name":"hinge 1","obb":{"centroid":[-0.36445898767620405,2.162999987602234,-0.03999993819753032],"axesLengths":[0.00948691982575074,0.10000014305114746,0.00948678670768656],"normalizedAxes":[0.3162198497661161,0,0.9486859367640562,0,1,0,-0.9486859367640564,0,0.31621984976611617],"metadata":{"constrainVertical":true},"min":[-0.3704589544245563,2.11299991607666,-0.04599994704221315],"max":[-0.3584590209278518,2.2130000591278076,-0.033999929352847486]}},{"pid":6,"label":"hinge","name":"hinge 2","obb":{"centroid":[-0.36445898767620405,0.12499994784593582,-0.03999988790611129],"axesLengths":[0.009486824404226794,0.10000009834766388,0.0094868185139765],"normalizedAxes":[-0.3162198497661161,0,-0.9486859367640562,0,1,0,0.9486859367640564,0,-0.31621984976611617],"metadata":{"constrainVertical":true},"min":[-0.3704589544245563,0.07499989867210388,-0.045999856517155324],"max":[-0.3584590209278518,0.17499999701976776,-0.03399991929506725]}},{"pid":7,"label":"glass panel","name":"glass panel 1","obb":{"centroid":[-0.09257956519398929,1.5534999668598175,-0.28405503375797597],"axesLengths":[0.5650010101178674,1.1639999747276306,0.006000307613389284],"normalizedAxes":[0.7141917175360515,0,-0.6999501343688027,0,1,0,0.6999501343688027,0,0.7141917175360515],"metadata":{"constrainVertical":true},"min":[-0.29643904416695416,0.9714999794960022,-0.4839339852333068],"max":[0.11127991377897557,2.135499954223633,-0.08417608228264514]}}],"connectivityGraph":[[],[2],[1]],"articulations":[{"pid":2,"type":"Hinge Rotation","axis":[0,1,0],"origin":[-0.3747584473720997,1.28699999777072,-0.09248346539551416],"rangeMin":-0.7696902001294993,"rangeMax":0.5026548245743669,"base":[1],"value":0}]}