{"version":"articulated-parts@0.0.1","modelId":"p5d.269","metadata":{"connectivity":{"minDist":0.001,"maxDist":0.05,"minConnDist":0.001,"maxConnDist":0.05,"maxConnRelDist":0,"partsAnnId":26913,"condensed":true}},"parts":[null,{"pid":1,"label":"static","name":"static","obb":{"centroid":[0,1.049999943394134,0],"axesLengths":[0.8199999928474426,2.0999999224768686,0.8199999928474426],"normalizedAxes":[1,0,0,0,1,0,0,0,1],"metadata":{"constrainVertical":true},"min":[-0.4099999964237213,-1.7844300259639567e-8,-0.4099999964237213],"max":[0.4099999964237213,2.0999999046325684,0.4099999964237213]},"sourcePartIds":[3,4,5,6,7,8,9]},{"pid":2,"label":"cabinet door","name":"cabinet door 1","obb":{"centroid":[-0.25086708355871457,1.1101119592785835,0.25329874868174207],"axesLengths":[0.3703650727219657,1.9201159328222275,0.06271758738147344],"normalizedAxes":[0.707107363038158,0,0.7071061993344582,0,1,0,-0.7071061993344583,0,0.7071073630381581],"metadata":{"constrainVertical":true},"min":[-0.40398501594801717,0.1500539928674698,0.10018099529769789],"max":[-0.09774915116941194,2.0701699256896973,0.4064165020657863]},"baseIds":[1],"sourcePartIds":[2,1],"articulationIds":[0]}],"sourceParts":[null,{"pid":1,"label":"handle","name":"handle 1","obb":{"centroid":[-0.3383667469024658,1.0188530087471008,0.18276125192642212],"axesLengths":[0.03872964525390351,0.20141398906707764,0.018938454570703422],"normalizedAxes":[0.7071067811865475,0,-0.7071067811865475,0,1,0,0.7071067811865476,0,0.7071067811865476],"metadata":{"constrainVertical":true},"min":[-0.358755499124527,0.918146014213562,0.16237249970436096],"max":[-0.31797799468040466,1.1195600032806396,0.20315000414848328]}},{"pid":2,"label":"cabinet door","name":"cabinet door 1","obb":{"centroid":[-0.23924060069905084,1.1101119592785835,0.24167224668836573],"axesLengths":[0.37036505723609037,1.9201159328222275,0.029833125151127043],"normalizedAxes":[0.7071069288836882,0,0.707106633489376,0,1,0,-0.707106633489376,0,0.7071069288836882],"metadata":{"constrainVertical":true},"min":[-0.3807320501391128,0.1500539928674698,0.10018084754390169],"max":[-0.09774915125898889,2.0701699256896973,0.3831636458328298]},"baseIds":[3],"childIds":[1]},{"pid":3,"label":"side panel","name":"side panel 1","obb":{"centroid":[0.11999999731779099,1.0499999606602346,0.39500199258327484],"axesLengths":[0.5199999958276749,2.0999998879446675,0.029996007680892944],"normalizedAxes":[1,0,0,0,1,0,0,0,1],"metadata":{"constrainVertical":true},"min":[-0.14000000059604645,1.66879008389742e-8,0.38000398874282837],"max":[0.3799999952316284,2.0999999046325684,0.4099999964237213]}},{"pid":4,"label":"back panel","name":"back panel 1","obb":{"centroid":[0.39500199258327484,1.049999943428734,0],"axesLengths":[0.8199999928474426,2.099999922407669,0.029996007680892944],"normalizedAxes":[0,0,1,0,1,0,-1,0,0],"metadata":{"constrainVertical":true},"min":[0.38000398874282837,-1.777510050260389e-8,-0.4099999964237213],"max":[0.4099999964237213,2.0999999046325684,0.4099999964237213]}},{"pid":5,"label":"back panel","name":"back panel 2","obb":{"centroid":[-0.015000000596046448,1.049999943394134,-0.39500199258327484],"axesLengths":[0.7899999916553497,2.0999999224768686,0.029996007680892944],"normalizedAxes":[1,0,0,0,1,0,0,0,1],"metadata":{"constrainVertical":true},"min":[-0.4099999964237213,-1.7844300259639567e-8,-0.4099999964237213],"max":[0.3799999952316284,2.0999999046325684,-0.38000398874282837]}},{"pid":6,"label":"side panel","name":"side panel 2","obb":{"centroid":[-0.39500199258327484,1.0499999440844343,-0.11999999731779099],"axesLengths":[0.5199999958276749,2.099999921096268,0.029996007680892944],"normalizedAxes":[0,0,1,0,1,0,-1,0,0],"metadata":{"constrainVertical":true},"min":[-0.4099999964237213,-1.6463699736846138e-8,-0.3799999952316284],"max":[-0.38000398874282837,2.0999999046325684,0.14000000059604645]}},{"pid":7,"label":"bottom panel","name":"bottom panel 1","obb":{"centroid":[-0.000024007854253049743,0.13512250036001205,-0.00022047530453887348],"axesLengths":[0.7603599441299651,0.029833003878593445,0.7600290371176538],"normalizedAxes":[0.000019755442542015867,0,0.9999999998048612,0,1,0,-0.9999999998048614,0,0.00001975544254201587],"metadata":{"constrainVertical":true},"min":[-0.3800460369625182,0.12020599842071533,-0.38040795465032007],"max":[0.3799980212540121,0.15003900229930878,0.3799670040412423]}},{"pid":8,"label":"top panel","name":"top panel 1","obb":{"centroid":[-0.000024007854253049743,2.085045099258423,-0.00022047530453887348],"axesLengths":[0.7603599441299651,0.029829978942871094,0.7600290371176538],"normalizedAxes":[0.000019755442542015867,0,0.9999999998048612,0,1,0,-0.9999999998048614,0,0.00001975544254201587],"metadata":{"constrainVertical":true},"min":[-0.3800460369625182,2.0701301097869873,-0.38040795465032007],"max":[0.3799980212540121,2.0999600887298584,0.3799670040412423]}},{"pid":9,"label":"baseboard","name":"baseboard 1","obb":{"centroid":[-0.2394735030829906,0.06009512248758142,0.24175849929451937],"axesLengths":[0.3703316404174382,0.12018975907318463,0.029832840659958643],"normalizedAxes":[-0.7071067709888874,0,-0.7071067913842076,0,1,0,0.7071067913842076,0,-0.7071067709888874],"metadata":{"constrainVertical":true},"min":[-0.38095301042675667,2.4295098910442903e-7,0.10027898847846228],"max":[-0.09799399573922452,0.12019000202417374,0.38323801011057645]}}],"connectivityGraph":[[],[2],[1]],"articulations":[{"pid":2,"type":"Hinge Rotation","axis":[0,1,0],"origin":[-0.09774915125898889,1.1101119592785835,0.3620684363282136],"rangeMin":0,"rangeMax":1.8064157758141308,"base":[1],"value":0}]}