{"version":"articulated-parts@0.0.1","modelId":"p5d.455","metadata":{"connectivity":{"minDist":0.001,"maxDist":0.05,"minConnDist":0.001,"maxConnDist":0.05,"maxConnRelDist":0,"partsAnnId":26781,"condensed":true}},"parts":[null,{"pid":1,"label":"static","name":"static","obb":{"centroid":[-0.00022649765014648438,0.38999998569488525,0],"axesLengths":[1.3003610372543335,0.7799999713897705,0.6496019959449768],"normalizedAxes":[1,0,0,0,1,0,0,0,1],"metadata":{"constrainVertical":true},"min":[-0.6504070162773132,0,-0.3248009979724884],"max":[0.6499540209770203,0.7799999713897705,0.3248009979724884]},"sourcePartIds":[1,2,3,4,5,6,7,9,10,11,12,13,14,15,16,21,22,24,25,26]},{"pid":2,"label":"drawer","name":"drawer 1","obb":{"centroid":[0,0.7074999809265137,0.017027735710144043],"axesLengths":[0.6124105453491211,0.10500001907348633,0.4328539967536926],"normalizedAxes":[0,0,1,0,1,0,-1,0,0],"metadata":{"constrainVertical":true},"min":[-0.2164269983768463,0.6549999713897705,-0.2891775369644165],"max":[0.2164269983768463,0.7599999904632568,0.3232330083847046]},"baseIds":[1],"sourcePartIds":[8,19],"articulationIds":[0]},{"pid":3,"label":"drawer cabinet","name":"drawer cabinet 1","obb":{"centroid":[0.43073947648344596,0.7074999809265137,0.00944708960945956],"axesLengths":[0.6275887059452692,0.10500001907348633,0.39690179255268027],"normalizedAxes":[-0.0029629879308582063,0,0.9999956103416262,0,1,0,-0.9999956103416262,0,-0.0029629879308582063],"metadata":{"constrainVertical":true},"min":[0.23135968245811508,0.6549999713897705,-0.30493389352370065],"max":[0.6301192705087768,0.7599999904632568,0.32382807274261977]},"baseIds":[1],"sourcePartIds":[18,17],"articulationIds":[1]},{"pid":4,"label":"drawer cabinet","name":"drawer cabinet 3","obb":{"centroid":[-0.4311414957046509,0.7074999809265137,0.0092104971408844],"axesLengths":[0.6280450224876404,0.10500001907348633,0.39589500427246094],"normalizedAxes":[0,0,1,0,1,0,-1,0,0],"metadata":{"constrainVertical":true},"min":[-0.6290889978408813,0.6549999713897705,-0.3048120141029358],"max":[-0.2331939935684204,0.7599999904632568,0.3232330083847046]},"baseIds":[1],"sourcePartIds":[23,20],"articulationIds":[2]}],"sourceParts":[null,{"pid":1,"label":"leg","name":"leg 1","obb":{"centroid":[-0.6008344888687134,0.25999999046325684,0.2777869999408722],"axesLengths":[0.08311599493026733,0.5199999809265137,0.08309900760650635],"normalizedAxes":[0,0,1,0,1,0,-1,0,0],"metadata":{"constrainVertical":true},"min":[-0.6423839926719666,0,0.23622900247573853],"max":[-0.5592849850654602,0.5199999809265137,0.31934499740600586]}},{"pid":2,"label":"leg","name":"leg 2","obb":{"centroid":[0.6008339822292328,0.25999999046325684,0.2777869999408722],"axesLengths":[0.08311599493026733,0.5199999809265137,0.08310002088546753],"normalizedAxes":[0,0,1,0,1,0,-1,0,0],"metadata":{"constrainVertical":true},"min":[0.559283971786499,0,0.23622900247573853],"max":[0.6423839926719666,0.5199999809265137,0.31934499740600586]}},{"pid":3,"label":"leg","name":"leg 3","obb":{"centroid":[0.6008344888687134,0.25999999046325684,-0.2777869999408722],"axesLengths":[0.08311599493026733,0.5199999809265137,0.08309900760650635],"normalizedAxes":[0,0,-1,0,1,0,1,0,0],"metadata":{"constrainVertical":true},"min":[0.5592849850654602,0,-0.31934499740600586],"max":[0.6423839926719666,0.5199999809265137,-0.23622900247573853]}},{"pid":4,"label":"leg","name":"leg 4","obb":{"centroid":[-0.6008339822292328,0.25999999046325684,-0.2777869999408722],"axesLengths":[0.08311599493026733,0.5199999809265137,0.08310002088546753],"normalizedAxes":[0,0,1,0,1,0,-1,0,0],"metadata":{"constrainVertical":true},"min":[-0.6423839926719666,0,-0.31934499740600586],"max":[-0.559283971786499,0.5199999809265137,-0.23622900247573853]}},{"pid":5,"label":"tabletop","name":"tabletop 1","obb":{"centroid":[-0.00022649765014648438,0.7749999761581421,0],"axesLengths":[1.3003610372543335,0.009999990463256836,0.6496019959449768],"normalizedAxes":[1,0,0,0,1,0,0,0,1],"metadata":{"constrainVertical":true},"min":[-0.6504070162773132,0.7699999809265137,-0.3248009979724884],"max":[0.6499540209770203,0.7799999713897705,0.3248009979724884]}},{"pid":6,"label":"apron","name":"apron 1","obb":{"centroid":[-0.000001370777368456697,0.6253069937229156,0.2904004951356081],"axesLengths":[0.4328540126503868,0.039385974407196045,0.028933007747101547],"normalizedAxes":[0.9999999790737892,0,0.00020457864312576615,0,1,0,-0.00020457864312576615,0,0.9999999790737892],"metadata":{"constrainVertical":true},"min":[-0.21643133211129792,0.6056140065193176,0.2758897152214967],"max":[0.21642859055656102,0.6449999809265137,0.30491127504971954]}},{"pid":7,"label":"apron","name":"apron 2","obb":{"centroid":[-0.0000013707773685122082,0.6253069937229156,-0.2904004951356081],"axesLengths":[0.43285401265038687,0.039385974407196045,0.028933007747101547],"normalizedAxes":[-0.9999999790737892,0,0.00020457864312576615,0,1,0,-0.00020457864312576615,0,-0.9999999790737892],"metadata":{"constrainVertical":true},"min":[-0.216431332111298,0.6056140065193176,-0.30491127504971954],"max":[0.216428590556561,0.6449999809265137,-0.2758897152214967]}},{"pid":8,"label":"drawer","name":"drawer 1","obb":{"centroid":[0,0.7074999809265137,0.00781773030757904],"axesLengths":[0.5939905345439911,0.10500001907348633,0.4328539967536926],"normalizedAxes":[0,0,1,0,1,0,-1,0,0],"metadata":{"constrainVertical":true},"min":[-0.2164269983768463,0.6549999713897705,-0.2891775369644165],"max":[0.2164269983768463,0.7599999904632568,0.3048129975795746]},"baseIds":[15],"childIds":[19]},{"pid":9,"label":"apron","name":"apron 3","obb":{"centroid":[-0.3839635797975469,0.5040545016527176,0.2916261642076372],"axesLengths":[0.34813273234748765,0.03189501166343689,0.06302115956839091],"normalizedAxes":[0.9884931823985134,0,-0.1512654235166105,0,1,0,0.1512654235166105,0,0.9884931823985134],"metadata":{"constrainVertical":true},"min":[-0.5607934572414861,0.48810699582099915,0.23414794831826682],"max":[-0.20713370235360767,0.520002007484436,0.3491043800970076]}},{"pid":10,"label":"apron","name":"apron 4","obb":{"centroid":[-0.3839630847506,0.5040545016527176,-0.29162608845244997],"axesLengths":[0.34813173072814263,0.03189501166343689,0.06302115956839091],"normalizedAxes":[-0.9884931823985134,0,-0.1512654235166105,0,1,0,0.1512654235166105,0,-0.9884931823985134],"metadata":{"constrainVertical":true},"min":[-0.5607924671475922,0.48810699582099915,-0.34910422858663315],"max":[-0.2071337023536077,0.520002007484436,-0.2341479483182668]}},{"pid":11,"label":"apron","name":"apron 5","obb":{"centroid":[-0.6190764904022217,0.5014234930276871,0],"axesLengths":[0.4833120107650757,0.03717896342277527,0.02010500431060791],"normalizedAxes":[0,0,1,0,1,0,-1,0,0],"metadata":{"constrainVertical":true},"min":[-0.6291289925575256,0.48283401131629944,-0.24165600538253784],"max":[-0.6090239882469177,0.5200129747390747,0.24165600538253784]}},{"pid":12,"label":"apron","name":"apron 6","obb":{"centroid":[0.3839630847506,0.5040545016527176,0.29162608845244997],"axesLengths":[0.34813173072814263,0.03189501166343689,0.06302115956839091],"normalizedAxes":[0.9884931823985134,0,0.1512654235166105,0,1,0,-0.1512654235166105,0,0.9884931823985134],"metadata":{"constrainVertical":true},"min":[0.2071337023536077,0.48810699582099915,0.2341479483182668],"max":[0.5607924671475922,0.520002007484436,0.34910422858663315]}},{"pid":13,"label":"apron","name":"apron 7","obb":{"centroid":[0.6190420091152191,0.5014245063066483,0],"axesLengths":[0.4833120107650757,0.03718098998069763,0.020052015781402588],"normalizedAxes":[0,0,1,0,1,0,-1,0,0],"metadata":{"constrainVertical":true},"min":[0.6090160012245178,0.48283401131629944,-0.24165600538253784],"max":[0.6290680170059204,0.5200150012969971,0.24165600538253784]}},{"pid":14,"label":"apron","name":"apron 8","obb":{"centroid":[0.3839635797975469,0.5040545016527176,-0.2916261642076372],"axesLengths":[0.34813273234748765,0.03189501166343689,0.06302115956839091],