{"version":"articulated-parts@0.0.1","modelId":"p5d.214","metadata":{"connectivity":{"minDist":0.001,"maxDist":0.05,"minConnDist":0.001,"maxConnDist":0.05,"maxConnRelDist":0,"partsAnnId":26275,"condensed":true}},"parts":[null,{"pid":1,"label":"static","name":"static","obb":{"centroid":[0,1.059999940812526,-0.006172496825456619],"axesLengths":[1.03984797000885,2.119999889493112,0.1923450008034706],"normalizedAxes":[-1,0,0,0,1,0,0,0,-1],"metadata":{"constrainVertical":true},"min":[-0.519923985004425,-3.9340299906598375e-9,-0.10234499722719193],"max":[0.519923985004425,2.119999885559082,0.09000000357627869]},"sourcePartIds":[1,4,5]},{"pid":2,"label":"door","name":"door 1","obb":{"centroid":[-0.14508913767775536,1.0242580994963646,-0.40446487705958817],"axesLengths":[0.8000004064768599,1.9514838010072708,0.18042642227537717],"normalizedAxes":[-0.5848788981382171,0,0.8111206288294146,0,1,0,-0.8111206288294148,0,-0.5848788981382173],"metadata":{"constrainVertical":true},"min":[-0.4522146123496339,0.04851619899272919,-0.7816770969699587],"max":[0.1620363369941232,2,-0.027252657149217596]},"baseIds":[1],"sourcePartIds":[2,3],"articulationIds":[0]}],"sourceParts":[null,{"pid":1,"label":"door_frame","name":"door_frame 1","obb":{"centroid":[0,1.059999940812526,-4.842877388000488e-8],"axesLengths":[1.03984797000885,2.119999889493112,0.18000010401010513],"normalizedAxes":[1,0,0,0,1,0,0,0,1],"metadata":{"constrainVertical":true},"min":[-0.519923985004425,-3.9340299906598375e-9,-0.09000010043382645],"max":[0.519923985004425,2.119999885559082,0.09000000357627869]}},{"pid":2,"label":"door","name":"door 1","obb":{"centroid":[-0.1450885876300798,1.0242580994963646,-0.4044645719747979],"axesLengths":[0.8000004064811224,1.9514838010072708,0.0671812327715477],"normalizedAxes":[-0.58487564266659,0,0.8111229762590523,0,1,0,-0.8111229762590525,0,-0.5848756426665901],"metadata":{"constrainVertical":true},"min":[-0.40628508430437466,0.04851619899272919,-0.748560260677704],"max":[0.11610790904421503,2,-0.06036888327189177]},"baseIds":[1],"childIds":[3]},{"pid":3,"label":"handle","name":"handle 1","obb":{"centroid":[0.013106279967084224,0.9697020053863525,-0.623853018689989],"axesLengths":[0.1993857425234202,0.0559999942779541,0.18042642227610575],"normalizedAxes":[0.5848778828084501,0,-0.8111213609574739,0,1,0,0.8111213609574741,0,0.5848778828084502],"metadata":{"constrainVertical":true},"min":[-0.11837573810220156,0.9417020082473755,-0.7574797480373217],"max":[0.14458829803637,0.9977020025253296,-0.4902262893426564]}},{"pid":4,"label":"hinge","name":"hinge 1","obb":{"centroid":[-0.3997141467239796,1.7011899948120117,-0.09520843593343947],"axesLengths":[0.013186447520634557,0.15000009536743164,0.0131858272365543],"normalizedAxes":[-0.38269708184250645,0,-0.9238738785944918,0,1,0,0.923873878594492,0,-0.38269708184250656],"metadata":{"constrainVertical":true},"min":[-0.4083283748927439,1.626189947128296,-0.10382283194387955],"max":[-0.3910999185552153,1.7761900424957275,-0.0865940399229994]}},{"pid":5,"label":"hinge","name":"hinge 2","obb":{"centroid":[-0.39971414672397965,0.4087570011615753,-0.0952083837793753],"axesLengths":[0.013186543888189671,0.1499999761581421,0.013185867154970634],"normalizedAxes":[-0.38269708184250645,0,-0.9238738785944918,0,1,0,0.923873878594492,0,-0.38269708184250656],"metadata":{"constrainVertical":true},"min":[-0.40832841177232604,0.3337570130825043,-0.10382283194387955],"max":[-0.39109988167563325,0.48375698924064636,-0.08659393561487104]}}],"connectivityGraph":[[],[2],[1]],"articulations":[{"pid":2,"type":"Hinge Rotation","axis":[0,1,0],"origin":[-0.4181701057416301,1.05399999606597,-0.08164643378002281],"rangeMin":-1.0210176124166828,"rangeMax":0.8011061266653973,"base":[1],"value":0}]}