{"version":"articulated-parts@0.0.1","modelId":"p5d.79","metadata":{"connectivity":{"minDist":0.001,"maxDist":0.05,"minConnDist":0.001,"maxConnDist":0.05,"maxConnRelDist":0,"partsAnnId":26787,"condensed":true}},"parts":[null,{"pid":1,"label":"static","name":"static","obb":{"centroid":[0,0.15088425087742507,0],"axesLengths":[0.800000011920929,0.296039501670748,0.6000000238418579],"normalizedAxes":[1,0,0,0,1,0,0,0,1],"metadata":{"constrainVertical":true},"min":[-0.4000000059604645,0.002864500042051077,-0.30000001192092896],"max":[0.4000000059604645,0.2989040017127991,0.30000001192092896]},"sourcePartIds":[1,3,4]},{"pid":2,"label":"faucet","name":"faucet 1","obb":{"centroid":[0.00031546114344463763,0.26576200127601624,-0.16852256717375605],"axesLengths":[0.19920940362985623,0.07279801368713379,0.05071368943780664],"normalizedAxes":[-0.005292326908696847,0,-0.9999859955398833,0,1,0,0.9999859955398833,0,-0.005292326908696847],"metadata":{"constrainVertical":true},"min":[-0.025568169110186,0.22936299443244934,-0.26826007079023567],"max":[0.026199091397075276,0.30216100811958313,-0.06878506355727644]},"baseIds":[1],"childIds":[3],"sourcePartIds":[2],"articulationIds":[0]},{"pid":3,"label":"faucet handle","name":"faucet handle 1","obb":{"centroid":[-0.0002855878386705992,0.31670543918187805,-0.21202622614483102],"axesLengths":[0.04903014720576697,0.11826096370966599,0.03118895926261434],"normalizedAxes":[-0.9999285170734726,-0.009237633671071095,-0.007591236223847501,-0.009634808340037378,0.24655674757592352,0.9690804614133101,-0.007080339786896323,0.9690843288119674,-0.24662812580798768],"min":[-0.02547903410666378,0.2867875927971133,-0.27336055778348856],"max":[0.024907858429322582,0.3466232855666428,-0.15069189450617348]},"baseIds":[2],"sourcePartIds":[5],"articulationIds":[1]}],"sourceParts":[null,{"pid":1,"label":"sink","name":"sink 1","obb":{"centroid":[0,0.15088425087742507,0],"axesLengths":[0.800000011920929,0.296039501670748,0.6000000238418579],"normalizedAxes":[1,0,0,0,1,0,0,0,1],"metadata":{"constrainVertical":true},"min":[-0.4000000059604645,0.002864500042051077,-0.30000001192092896],"max":[0.4000000059604645,0.2989040017127991,0.30000001192092896]}},{"pid":2,"label":"faucet","name":"faucet 1","obb":{"centroid":[0.00031546114344463763,0.26576200127601624,-0.16852256717375605],"axesLengths":[0.19920940362985623,0.07279801368713379,0.05071368943780664],"normalizedAxes":[-0.005292326908696847,0,-0.9999859955398833,0,1,0,0.9999859955398833,0,-0.005292326908696847],"metadata":{"constrainVertical":true},"min":[-0.025568169110186,0.22936299443244934,-0.26826007079023567],"max":[0.026199091397075276,0.30216100811958313,-0.06878506355727644]},"baseIds":[4],"childIds":[5]},{"pid":3,"label":"drain","name":"drain 1","obb":{"centroid":[-2.5145709518087367e-8,0.03742909990251064,0.001623625867068771],"axesLengths":[0.072444505689655,0.0039980001747608185,0.07244443456684814],"normalizedAxes":[0.7071067811865476,0,0.7071067811865476,0,1,0,-0.7071067811865476,0,0.7071067811865476],"metadata":{"constrainVertical":true},"min":[-0.051226001232862486,0.035430099815130234,-0.049602350220084204],"max":[0.05122595094144346,0.03942809998989105,0.05284960195422174]}},{"pid":4,"label":"faucet base","name":"faucet base 1","obb":{"centroid":[-3.469446951953614e-18,0.2187879979610443,-0.24548600614070892],"axesLengths":[0.04867872494510929,0.02114999294281006,0.04867858270035738],"normalizedAxes":[-0.7071106368859505,0,0.7071029254661202,0,1,0,-0.7071029254661202,0,-0.7071106368859505],"metadata":{"constrainVertical":true},"min":[-0.03442100621684971,0.20821300148963928,-0.27990701235701015],"max":[0.03442100621684971,0.22936299443244934,-0.21106499992440766]}},{"pid":5,"label":"faucet handle","name":"faucet handle 1","obb":{"centroid":[-0.0002855878386705992,0.31670543918187805,-0.21202622614483102],"axesLengths":[0.04903014720576697,0.11826096370966599,0.03118895926261434],"normalizedAxes":[-0.9999285170734726,-0.009237633671071095,-0.007591236223847501,-0.009634808340037378,0.24655674757592352,0.9690804614133101,-0.007080339786896323,0.9690843288119674,-0.24662812580798768],"metadata":{"constrainVertical":false},"min":[-0.02547903410666378,0.2867875927971133,-0.27336055778348856],"max":[0.024907858429322582,0.3466232855666428,-0.15069189450617348]},"baseIds":[2]}],"connectivityGraph":[[],[2],[1,3],[2]],"articulations":[{"pid":2,"type":"Central Rotation","axis":[0,1,0],"origin":[0.0014748996171254896,0.24136299443244932,-0.2599252815319291],"rangeMin":-0.4084070449666731,"rangeMax":0.3612831551628262,"base":[1],"value":0},{"pid":3,"type":"Hinge Rotation","axis":[0.9999859955398833,0,-0.005292326908696847],"origin":[0.01354882414032587,0.30136299443244935,-0.24598898551727488],"rangeMin":-0.45553093477052,"rangeMax":0,"base":[2],"value":0}]}