{"version":"articulated-parts@0.0.1","modelId":"p5d.338","metadata":{"connectivity":{"minDist":0.001,"maxDist":0.05,"minConnDist":0.001,"maxConnDist":0.05,"maxConnRelDist":0,"partsAnnId":25942,"condensed":true}},"parts":[null,{"pid":1,"label":"static","name":"static","obb":{"centroid":[0,0.6389388200859685,0.00046549737453460693],"axesLengths":[0.8992370069026947,1.2778023963728629,0.5166919827461243],"normalizedAxes":[0,0,1,0,1,0,-1,0,0],"metadata":{"constrainVertical":true},"min":[-0.25834599137306213,0.000037621899537043646,-0.44915300607681274],"max":[0.25834599137306213,1.2778400182724,0.45008400082588196]},"sourcePartIds":[1,2,4,5,8,9,10,11,12,13,14,17,18,19,20,21,22,23,24]},{"pid":2,"label":"crank arm","name":"crank arm 1","obb":{"centroid":[-0.004239632610125098,0.30192193722018346,0.0816652919039599],"axesLengths":[0.679356563390406,0.19130288185761485,0.09164218282135964],"normalizedAxes":[-0.7807918064722836,-0.5540995400084064,-0.288682965739615,-0.6247129156477416,0.6996807890975647,0.3466706886812146,0.009895856135060584,0.4510216104914283,-0.8924581664711646],"metadata":{"constrainVertical":false},"min":[-0.32966578127141843,0.026114579472118704,-0.09044699997937082],"max":[0.3211865160511682,0.5777292949682482,0.2537775837872906]},"baseIds":[1],"sourcePartIds":[3,15,7,6,16],"articulationIds":[0]}],"sourceParts":[null,{"pid":1,"label":"panel","name":"panel 1","obb":{"centroid":[1.547289875298763e-19,1.1420794908731928,0.36866837485754517],"axesLengths":[0.11912679672241211,0.17950998818963798,0.024868845535918338],"normalizedAxes":[1,0,0,1.0216451255719031e-17,0.5547597917919512,0.8320105608770547,0,-0.8320105608770547,0.5547597917919512],"metadata":{"constrainVertical":false},"min":[-0.059563398361206055,1.0819414579755111,0.287093154093392],"max":[0.059563398361206055,1.2022175237708745,0.45024359562169836]}},{"pid":2,"label":"body","name":"body 1","obb":{"centroid":[0,0.2633513044565916,-0.02986350655555725],"axesLengths":[0.7352010011672974,0.4420934058725834,0.20094600319862366],"normalizedAxes":[0,0,1,0,1,0,-1,0,0],"metadata":{"constrainVertical":true},"min":[-0.10047300159931183,0.04230460152029991,-0.39746400713920593],"max":[0.10047300159931183,0.4843980073928833,0.33773699402809143]}},{"pid":3,"label":"crank arm","name":"crank arm 1","obb":{"centroid":[1.8398568969276265e-7,0.2831962566270707,0.08292942557437255],"axesLengths":[0.5438663799079062,0.16156680063998838,0.016220501598398065],"normalizedAxes":[-0.7778735664335953,-0.5604813614986799,-0.2842065411922567,-0.6284196980386799,0.6946261873614497,0.3501187554940035,0.0011822693660595576,0.4509491138080681,-0.8925488776503304],"metadata":{"constrainVertical":false},"min":[-0.2623049248521557,0.0710111963079687,-0.029878344610715424],"max":[0.26230529282353504,0.4953813169461727,0.19573719575946052]},"baseIds":[12],"childIds":[15,7,6,16]},{"pid":4,"label":"head tube","name":"head tube 1","obb":{"centroid":[-1.3723612058998225e-7,0.7688658957935666,0.29287981369079175],"axesLengths":[0.041950018353409405,0.7728615596908481,0.19778069804121343],"normalizedAxes":[-0.99999999999774,0.0000015154571993086408,-0.0000014909358675232287,7.551781805007782e-7,0.9087993416091713,0.4172334558615437,0.00000198726097926441,0.41723345585947497,-0.908799341608262],"metadata":{"constrainVertical":false},"min":[-0.020975634757802935,0.37641746363278056,0.04177644861088198],"max":[0.020975360285561757,1.1613143279543525,0.5439831787707015]}},{"pid":5,"label":"seat","name":"seat 1","obb":{"centroid":[-0.016322385175093074,0.9572175145149231,-0.11674822103155033],"axesLengths":[0.2845447170174201,0.0655210018157959,0.2357193725834087],"normalizedAxes":[-0.47441671298101995,0,0.880300393300085,0,1,0,-0.8803003933000852,0,-0.47441671298102006],"metadata":{"constrainVertical":true},"min":[-0.18757069804366455,0.9244570136070251,-0.2979052391459831],"max":[0.1549259276934784,0.989978015422821,0.06440879708288241]}},{"pid":6,"label":"pedal","name":"pedal 1","obb":{"centroid":[0.19738899916410446,0.4390749931335449,0.1574850007891655],"axesLengths":[0.11027999222278595,0.04601198434829712,0.09366799890995026],"normalizedAxes":[1,0,0,0,1,0,0,0,1],"metadata":{"constrainVertical":true},"min":[0.1422490030527115,0.41606900095939636,0.11065100133419037],"max":[0.25252899527549744,0.4620809853076935,0.20431900024414062]}},{"pid":7,"label":"pedal","name":"pedal 2","obb":{"centroid":[-0.19736399501562119,0.14558099955320358,0.008023399859666824],"axesLengths":[0.11027999222278595,0.04601199924945831,0.09366799890995026],"normalizedAxes":[1,0,0,0,1,0,0,0,1],"metadata":{"constrainVertical":true},"min":[-0.25250399112701416,0.12257499992847443,-0.038810599595308304],"max":[-0.1422239989042282,0.16858699917793274,0.05485739931464195]}},{"pid":8,"label":"handlebar","name":"handlebar 1","obb":{"centroid":[-3.988891888401873e-10,1.1165844357618357,0.3800526054163168],"axesLengths":[0.4944359958171842,0.31241624340834895,0.10974767354033191],"normalizedAxes":[-0.9999999999999996,-2.9293874724478837e-8,5.220049108246372e-10,-2.8490917480927328e-8,0.9764352426943472,0.21581060405927768,-6.831632791315282e-9,0.21581060405927763,-0.9764352426943479],"metadata":{"constrainVertical":false},"min":[-0.24721800313287182,0.9522149574323993,0.29276048805907773],"max":[0.24721800233509342,1.2809539140912722,0.4673447227735559]}},{"pid":9,"label":"seatpost piece","name":"seatpost piece 1","obb":{"centroid":[-5.029186977248346e-8,0.7607789395109197,-0.08604004985326759],"axesLengths":[0.03140969953310879,0.41922558770601653,0.031313230336142014],"normalizedAxes":[-0.9999999999957883,6.186285039153639e-7,0.0000028355680345925867,-1.1409901595347831e-12,-0.9770187790699904,0.2131532438049807,0.0000029022658914473242,0.21315324380408301,0.9770187790658756],"metadata":{"constrainVertical":false},"min":[-0.015704945498257367,0.5526460355576697,-0.14601654837404401],"max":[0.01570484491451782,0.9689118434641697,-0.026063551332491164]}},{"pid":10,"label":"base","name":"base 1","obb":{"centroid":[0,0.22644530805155227,0],"axesLengths":[0.8983060121536255,0.45281537230403046,0.5166919827461243],"normalizedAxes":[0,0,1,0,1,0,-1,0,0],"metadata":{"constrainVertical":true},"min":[-0.25834599137306213,0.000037621899537043646,-0.44915300607681274],"max":[0.25834599137306213,0.4528529942035675,0.44915300607681274]}},{"pid":11,"label":"wheel","name":"wheel 1","obb":{"centroid":[1.3877787807814457e-17,0.29147300124168396,-0.22905324399471283],"axesLengths":[0.28722409534973625,0.32311201095581055,0.2352050483067364],"normalizedAxes":[-0.6045849695855023,0,0.7965406546757655,0,1,0,-0.7965406546757657,0,-0.6045849695855025],"metadata":{"constrainVertical":true},"min":[-0.18050087705626833,0.1299169957637787,-0.41454679695742197],"max":[0.18050087705626833,0.45302900671958923,-0.04355969103200369]}},{"pid":12,"label":"axle","name":"axle 1","obb":{"centroid":[0,0.28319600224494934,0.08292974904179573],"axesLengths":[0.18765200674533844,0.03539198637008667,0.03539250046014786],"normalizedAxes":[1,0,0,0,1,0,0,0,1],"metadata":{"constrainVertical":true},"min":[-0.09382600337266922,0.265500009059906,0.0652334988117218],"max":[0.09382600337266922,0.3008919954299927,0.10062599927186966]}},{"pid":13,"label":"axle","name":"axle 2","obb":{"centroid":[0,0.29147300124168396,-0.22905350476503372],"axesLengths":[0.20737400650978088,0.02069997787475586,0.023902997374534607],"normalizedAxes":[1,0,0,0,1,0,0,0,1],"metadata":{"constrainVertical":true},"min":[-0.10368700325489044,0.28112301230430603,-0.24100500345230103],"max":[0.10368700325489044,0.3018229901790619,-0.21710200607776642]}},{"pid":14,"label":"wheel cover","name":"wheel cover 1","obb":{"centroid":[3.577141852587762e-8,0.3620195648573094,-0.31593312813622515],"axesLengths":[0.10508066424294794,0.4101109761925019,0.18706255778946793],