{"version":"articulated-parts@0.0.1","modelId":"p5d.87","metadata":{"connectivity":{"minDist":0.001,"maxDist":0.05,"minConnDist":0.001,"maxConnDist":0.05,"maxConnRelDist":0,"partsAnnId":26776,"condensed":true}},"parts":[null,{"pid":1,"label":"faucet handle","name":"faucet handle 1","obb":{"centroid":[0.0031740143252810445,0.9382780194282532,-0.1557216419061306],"axesLengths":[0.0634344404081614,0.01953601837158203,0.038907247897481456],"normalizedAxes":[0.25882362869897474,0,0.9659245981064439,0,1,0,-0.9659245981064439,0,0.25882362869897474],"min":[-0.023825885594584838,0.9285100102424622,-0.1913931426265692],"max":[0.030173914245146927,0.9480460286140442,-0.12005014118569202]},"baseIds":[4],"sourcePartIds":[7],"articulationIds":[0]},{"pid":2,"label":"faucet spout","name":"faucet spout 1","obb":{"centroid":[1.182929002396278e-8,0.8994661793893971,-0.11446181303333063],"axesLengths":[0.018582388069209387,0.09071629318235158,0.024219440193422277],"normalizedAxes":[-0.9999999999897655,-0.000004267985859280311,0.000001501070602075443,-4.931670228521035e-8,0.34204601076781044,0.9396832054037276,-0.000004523989844187047,0.9396832053940366,-0.34204601076452035],"min":[-0.009291239226384524,0.872572266040477,-0.16122619701059207],"max":[0.00929126288496457,0.9263600927383172,-0.06769742905606918]},"baseIds":[4],"sourcePartIds":[8],"articulationIds":[1]},{"pid":3,"label":"drawer","name":"drawer 1","obb":{"centroid":[-0.18705202674027532,0.3405275046825409,0.026913002133369446],"axesLengths":[0.40360599756240845,0.3145790100097656,0.3727159195113927],"normalizedAxes":[0,0,1,0,1,0,-1,0,0],"metadata":{"constrainVertical":true},"min":[-0.3734099864959717,0.18323799967765808,-0.17488999664783478],"max":[-0.0006940669845789671,0.4978170096874237,0.22871600091457367]},"sourcePartIds":[9,4],"articulationIds":[2]},{"pid":4,"label":"drawer","name":"drawer 2","obb":{"centroid":[0,0.465667481308341,-0.0033285021781921387],"axesLengths":[0.9001020193099976,0.9313349821465016,0.47059500217437744],"normalizedAxes":[1,0,0,0,1,0,0,0,1],"metadata":{"constrainVertical":true},"min":[-0.4500510096549988,-9.764909769671704e-9,-0.23862600326538086],"max":[0.4500510096549988,0.9313349723815918,0.23196899890899658]},"childIds":[1,2],"sourcePartIds":[10,5,1,2,6,3],"articulationIds":[3]}],"sourceParts":[null,{"pid":1,"label":"cabinet","name":"cabinet 1","obb":{"centroid":[0,0.3648119818023443,0],"axesLengths":[0.8493580222129822,0.7296239831345082,0.44979000091552734],"normalizedAxes":[1,0,0,0,1,0,0,0,1],"metadata":{"constrainVertical":true},"min":[-0.4246790111064911,-9.764909769671704e-9,-0.22489500045776367],"max":[0.4246790111064911,0.7296239733695984,0.22489500045776367]}},{"pid":2,"label":"sink","name":"sink 1","obb":{"centroid":[0,0.7559665143489838,-0.0033285021781921387],"axesLengths":[0.9001020193099976,0.15572696924209595,0.47059500217437744],"normalizedAxes":[1,0,0,0,1,0,0,0,1],"metadata":{"constrainVertical":true},"min":[-0.4500510096549988,0.6781030297279358,-0.23862600326538086],"max":[0.4500510096549988,0.8338299989700317,0.23196899890899658]}},{"pid":3,"label":"faucet base","name":"faucet base 1","obb":{"centroid":[3.469446951953614e-18,0.8816309869289398,-0.16756699979305267],"axesLengths":[0.04249349637666443,0.09940797090530396,0.0424929782351324],"normalizedAxes":[0.9659237027843153,0,0.25882697000011,0,1,0,-0.25882697000011,0,0.9659237027843153],"metadata":{"constrainVertical":true},"min":[-0.026021902083639765,0.8319270014762878,-0.19358871868860023],"max":[0.02602190208363977,0.9313349723815918,-0.14154528089750512]}},{"pid":4,"label":"handle","name":"handle 1","obb":{"centroid":[-0.20008600503206253,0.45617251098155975,0.22618850320577621],"axesLengths":[0.03550200164318085,0.023432999849319458,0.00505499541759491],"normalizedAxes":[1,0,0,0,1,0,0,0,1],"metadata":{"constrainVertical":true},"min":[-0.21783700585365295,0.4444560110569,0.22366100549697876],"max":[-0.1823350042104721,0.4678890109062195,0.22871600091457367]}},{"pid":5,"label":"handle","name":"handle 2","obb":{"centroid":[0.20008600503206253,0.45617251098155975,0.22618850320577621],"axesLengths":[0.03550200164318085,0.023432999849319458,0.00505499541759491],"normalizedAxes":[1,0,0,0,1,0,0,0,1],"metadata":{"constrainVertical":true},"min":[0.1823350042104721,0.4444560110569,0.22366100549697876],"max":[0.21783700585365295,0.4678890109062195,0.22871600091457367]}},{"pid":6,"label":"drain","name":"drain 1","obb":{"centroid":[0,0.7109284996986389,0.039376975037157536],"axesLengths":[0.0613048505038023,0.008538961410522461,0.06130480021238327],"normalizedAxes":[0,0,1,0,1,0,-1,0,0],"metadata":{"constrainVertical":true},"min":[-0.030652400106191635,0.7066590189933777,0.008724549785256386],"max":[0.030652400106191635,0.7151979804039001,0.07002940028905869]}},{"pid":7,"label":"faucet handle","name":"faucet handle 1","obb":{"centroid":[0.0031740143252810445,0.9382780194282532,-0.1557216419061306],"axesLengths":[0.0634344404081614,0.01953601837158203,0.038907247897481456],"normalizedAxes":[0.25882362869897474,0,0.9659245981064439,0,1,0,-0.9659245981064439,0,0.25882362869897474],"metadata":{"constrainVertical":true},"min":[-0.023825885594584838,0.9285100102424622,-0.1913931426265692],"max":[0.030173914245146927,0.9480460286140442,-0.12005014118569202]},"baseIds":[3]},{"pid":8,"label":"faucet spout","name":"faucet spout 1","obb":{"centroid":[1.182929002396278e-8,0.8994661793893971,-0.11446181303333063],"axesLengths":[0.018582388069209387,0.09071629318235158,0.024219440193422277],"normalizedAxes":[-0.9999999999897655,-0.000004267985859280311,0.000001501070602075443,-4.931670228521035e-8,0.34204601076781044,0.9396832054037276,-0.000004523989844187047,0.9396832053940366,-0.34204601076452035],"metadata":{"constrainVertical":false},"min":[-0.009291239226384524,0.872572266040477,-0.16122619701059207],"max":[0.00929126288496457,0.9263600927383172,-0.06769742905606918]},"baseIds":[3]},{"pid":9,"label":"drawer","name":"drawer 1","obb":{"centroid":[-0.18705202674027532,0.3405275046825409,0.023874498903751373],"axesLengths":[0.3975289911031723,0.3145790100097656,0.3727159195113927],"normalizedAxes":[0,0,1,0,1,0,-1,0,0],"metadata":{"constrainVertical":true},"min":[-0.3734099864959717,0.18323799967765808,-0.17488999664783478],"max":[-0.0006940669845789671,0.4978170096874237,0.22263899445533752]},"baseIds":[10],"childIds":[4]},{"pid":10,"label":"drawer","name":"drawer 2","obb":{"centroid":[0.18652293641935103,0.34032250195741653,0.023874498903751373],"axesLengths":[0.3975289911031723,0.31498901546001434,0.37459414085606113],"normalizedAxes":[0,0,1,0,1,0,-1,0,0],"metadata":{"constrainVertical":true},"min":[-0.000774134008679539,0.18282799422740936,-0.17488999664783478],"max":[0.3738200068473816,0.4978170096874237,0.22263899445533752]},"baseIds":[9],"childIds":[5,1,2,6,3,7,8]}],"connectivityGraph":[[],[4],[4],[],[1,2]],"articulations":[{"pid":1,"type":"Central Rotation","axis":[0,1,0],"origin":[-0.0030253873595520167,0.9455100102424622,-0.16515578260625746],"rangeMin":-1.2095131716320704,"rangeMax":1.2095131716320704,"base":[4],"value":0},{"pid":2,"type":"Hinge Rotation","axis":[0,1,0],"origin":[0.009291199372985299,0.8753380179405212,-0.15965299202253996],"rangeMin":-0.895353906273091,"rangeMax":0.4398229715025711,"base":[4],"value":0},{"pid":3,"type":"Translation","axis":[0,0,1],"origin":[-0.18705202674027532,0.3405275046825409,0.023874498903751373],"rangeMin":-0.0002934866547585,"rangeMax":0.352706513345242,"base":[],"value":0},{"pid":4,"type":"Translation","axis":[0,0,1],"origin":[0.18652293641935103,0.34032250195741653,0.023874498903751373],"rangeMin":-0.0002934866547585,"rangeMax":0.352706513345242,"base":[],"value":0}]}